"46001","Alexandria","IN","40.257082","-85.673","-5","0"
"46011","Anderson","IN","40.112913","-85.737","-5","0"
"46012","Anderson","IN","40.132892","-85.65097","-5","0"
"46013","Anderson","IN","40.061092","-85.67672","-5","0"
"46014","Anderson","IN","40.161733","-85.719659","-5","0"
"46015","Anderson","IN","40.093792","-85.657825","-5","0"
"46016","Anderson","IN","40.098641","-85.68452","-5","0"
"46017","Anderson","IN","40.096343","-85.60147","-5","0"
"46018","Anderson","IN","40.161733","-85.719659","-5","0"
"46030","Arcadia","IN","40.17449","-86.01736","-5","0"
"46031","Atlanta","IN","40.211166","-86.02304","-5","0"
"46032","Carmel","IN","39.970241","-86.15416","-5","0"
"46033","Carmel","IN","39.973731","-86.08875","-5","0"
"46034","Cicero","IN","40.127019","-86.03121","-5","0"
"46035","Colfax","IN","40.1915","-86.67137","-5","0"
"46036","Elwood","IN","40.279375","-85.83761","-5","0"
"46038","Fishers","IN","39.95645","-86.00872","-5","0"
"46039","Forest","IN","40.366648","-86.30867","-5","0"
"46040","Fortville","IN","39.93549","-85.84047","-5","0"
"46041","Frankfort","IN","40.290615","-86.5028","-5","0"
"46044","Frankton","IN","40.221208","-85.77612","-5","0"
"46045","Goldsmith","IN","40.289779","-86.15004","-5","0"
"46046","Hillisburg","IN","40.304473","-86.469044","-5","0"
"46047","Hobbs","IN","40.284101","-85.94676","-5","0"
"46048","Ingalls","IN","39.95634","-85.80252","-5","0"
"46049","Kempton","IN","40.292007","-86.22757","-5","0"
"46050","Kirklin","IN","40.196061","-86.35846","-5","0"
"46051","Lapel","IN","40.065589","-85.84631","-5","0"
"46052","Lebanon","IN","40.047966","-86.46592","-5","0"
"46055","McCordsville","IN","39.898378","-85.9159","-5","0"
"46056","Markleville","IN","39.974904","-85.61733","-5","0"
"46057","Michigantown","IN","40.333772","-86.38161","-5","0"
"46058","Mulberry","IN","40.349135","-86.66424","-5","0"
"46060","Noblesville","IN","40.050109","-85.99815","-5","0"
"46061","Noblesville","IN","40.072462","-86.052285","-5","0"
"46063","Orestes","IN","40.27046","-85.72871","-5","0"
"46064","Pendleton","IN","39.997694","-85.75075","-5","0"
"46065","Rossville","IN","40.427919","-86.61059","-5","0"
"46067","Sedalia","IN","40.304473","-86.469044","-5","0"
"46068","Sharpsville","IN","40.378829","-86.09362","-5","0"
"46069","Sheridan","IN","40.134736","-86.21885","-5","0"
"46070","Summitville","IN","40.340749","-85.64679","-5","0"
"46071","Thorntown","IN","40.126304","-86.60268","-5","0"
"46072","Tipton","IN","40.284041","-86.04681","-5","0"
"46074","Westfield","IN","40.041325","-86.15262","-5","0"
"46075","Whitestown","IN","40.007024","-86.34405","-5","0"
"46076","Windfall","IN","40.363776","-85.95074","-5","0"
"46077","Zionsville","IN","39.960858","-86.28252","-5","0"
"46082","Carmel","IN","40.072462","-86.052285","-5","0"
"46102","Advance","IN","39.996577","-86.61928","-5","0"
"46103","Amo","IN","39.688673","-86.61409","-5","0"
"46104","Arlington","IN","39.649096","-85.60213","-5","0"
"46105","Bainbridge","IN","39.761986","-86.80492","-5","0"
"46106","Bargersville","IN","39.514024","-86.18812","-5","0"
"46107","Beech Grove","IN","39.718744","-86.09375","-5","0"
"46110","Boggstown","IN","39.56578","-85.92481","-5","0"
"46111","Brooklyn","IN","39.538087","-86.36991","-5","0"
"46112","Brownsburg","IN","39.84952","-86.38739","-5","0"
"46113","Camby","IN","39.631344","-86.31273","-5","0"
"46114","Cartersburg","IN","39.762448","-86.510386","-5","0"
"46115","Carthage","IN","39.740158","-85.57101","-5","0"
"46117","Charlottesville","IN","39.805933","-85.61514","-5","0"
"46118","Clayton","IN","39.65983","-86.53196","-5","0"
"46120","Cloverdale","IN","39.513388","-86.79169","-5","0"
"46121","Coatesville","IN","39.679883","-86.67849","-5","0"
"46122","Danville","IN","39.761211","-86.52344","-5","0"
"46123","Avon","IN","39.764436","-86.39699","-5","0"
"46124","Edinburgh","IN","39.366507","-85.9864","-5","0"
"46125","Eminence","IN","39.522181","-86.64102","-5","0"
"46126","Fairland","IN","39.61753","-85.88003","-5","0"
"46127","Falmouth","IN","39.717457","-85.32737","-5","0"
"46128","Fillmore","IN","39.674879","-86.75256","-5","0"
"46129","Finly","IN","39.821516","-85.765169","-5","0"
"46130","Fountaintown","IN","39.680058","-85.83363","-5","0"
"46131","Franklin","IN","39.482105","-86.05043","-5","0"
"46133","Glenwood","IN","39.609926","-85.28428","-5","0"
"46135","Greencastle","IN","39.652374","-86.87361","-5","0"
"46140","Greenfield","IN","39.799143","-85.78446","-5","0"
"46142","Greenwood","IN","39.62068","-86.15126","-5","0"
"46143","Greenwood","IN","39.601649","-86.12734","-5","0"
"46144","Gwynneville","IN","39.661964","-85.64945","-5","0"
"46145","Greenwood","IN","39.597444","-86.088914","-5","0"
"46146","Homer","IN","39.619923","-85.46554","-5","0"
"46147","Jamestown","IN","39.96354","-86.61733","-5","0"
"46148","Knightstown","IN","39.803168","-85.51553","-5","0"
"46149","Lizton","IN","39.885033","-86.54978","-5","0"
"46150","Manilla","IN","39.563815","-85.61239","-5","0"
"46151","Martinsville","IN","39.442774","-86.41337","-5","0"
"46154","Maxwell","IN","39.856763","-85.768357","-5","0"
"46155","Mays","IN","39.743346","-85.43035","-5","0"
"46156","Milroy","IN","39.484598","-85.47698","-5","0"
"46157","Monrovia","IN","39.561003","-86.53591","-5","0"
"46158","Mooresville","IN","39.588545","-86.37431","-5","0"
"46160","Morgantown","IN","39.351269","-86.26806","-5","0"
"46161","Morristown","IN","39.67083","-85.69786","-5","0"
"46162","Needham","IN","39.542985","-85.95928","-5","0"
"46163","New Palestine","IN","39.726811","-85.89726","-5","0"
"46164","Nineveh","IN","39.324091","-86.11397","-5","0"
"46165","North Salem","IN","39.852098","-86.64494","-5","0"
"46166","Paragon","IN","39.416815","-86.58507","-5","0"
"46167","Pittsboro","IN","39.872255","-86.46335","-5","0"
"46168","Plainfield","IN","39.69775","-86.39589","-5","0"
"46170","Putnamville","IN","39.668441","-86.828402","-5","0"
"46171","Reelsville","IN","39.525112","-86.95994","-5","0"
"46172","Roachdale","IN","39.842523","-86.83174","-5","0"
"46173","Rushville","IN","39.614803","-85.43834","-5","0"
"46175","Russellville","IN","39.837161","-86.98612","-5","0"
"46176","Shelbyville","IN","39.523797","-85.77208","-5","0"
"46180","Stilesville","IN","39.612844","-86.63017","-5","0"
"46181","Trafalgar","IN","39.396833","-86.16098","-5","0"
"46182","Waldron","IN","39.457143","-85.67065","-5","0"
"46183","West Newton","IN","39.648251","-86.28509","-5","0"
"46184","Whiteland","IN","39.557799","-86.08543","-5","0"
"46186","Wilkinson","IN","39.894667","-85.62657","-5","0"
"46201","Indianapolis","IN","39.775125","-86.10839","-5","0"
"46202","Indianapolis","IN","39.782842","-86.15673","-5","0"
"46203","Indianapolis","IN","39.742593","-86.11766","-5","0"
"46204","Indianapolis","IN","39.771743","-86.15598","-5","0"
"46205","Indianapolis","IN","39.824858","-86.13817","-5","0"
"46206","Indianapolis","IN","39.761293","-86.161336","-5","0"
"46207","Indianapolis","IN","39.767293","-86.160616","-5","0"
"46208","Indianapolis","IN","39.820708","-86.1713","-5","0"
"46209","Indianapolis","IN","39.779492","-86.132837","-5","0"
"46211","Indianapolis","IN","39.779492","-86.132837","-5","0"
"46214","Indianapolis","IN","39.792993","-86.28575","-5","0"
"46216","Indianapolis","IN","39.857639","-86.00948","-5","0"
"46217","Indianapolis","IN","39.668795","-86.1833","-5","0"
"46218","Indianapolis","IN","39.805841","-86.10175","-5","0"
"46219","Indianapolis","IN","39.78001","-86.04889","-5","0"
"46220","Indianapolis","IN","39.866913","-86.12323","-5","0"
"46221","Indianapolis","IN","39.719444","-86.22183","-5","0"
"46222","Indianapolis","IN","39.786793","-86.21093","-5","0"
"46223","Indianapolis","IN","39.779492","-86.132837","-5","0"
"46224","Indianapolis","IN","39.795593","-86.25409","-5","0"
"46225","Indianapolis","IN","39.746993","-86.15903","-5","0"
"46226","Indianapolis","IN","39.83729","-86.05378","-5","0"
"46227","Indianapolis","IN","39.678495","-86.12973","-5","0"
"46228","Indianapolis","IN","39.849474","-86.20448","-5","0"
"46229","Indianapolis","IN","39.795025","-85.97356","-5","0"
"46230","Indianapolis","IN","39.779492","-86.132837","-5","0"
"46231","Indianapolis","IN","39.71962","-86.33121","-5","0"
"46234","Indianapolis","IN","39.797622","-86.32493","-5","0"
"46235","Indianapolis","IN","39.835369","-85.98635","-5","0"
"46236","Indianapolis","IN","39.888225","-85.97041","-5","0"
"46237","Indianapolis","IN","39.67859","-86.08634","-5","0"
"46239","Indianapolis","IN","39.732943","-85.99903","-5","0"
"46240","Indianapolis","IN","39.902039","-86.12948","-5","0"
"46241","Indianapolis","IN","39.736844","-86.25214","-5","0"
"46242","Indianapolis","IN","39.779492","-86.132837","-5","0"
"46243","Washington","IN","39.779741","-86.332995","-5","0"
"46244","Indianapolis","IN","39.779492","-86.132837","-5","0"
"46247","Indianapolis","IN","39.779492","-86.132837","-5","0"
"46249","Indianapolis","IN","39.858989","-86.006082","-5","0"
"46250","Indianapolis","IN","39.905689","-86.06733","-5","0"
"46251","Indianapolis","IN","39.779492","-86.132837","-5","0"
"46253","Indianapolis","IN","39.779492","-86.132837","-5","0"
"46254","Indianapolis","IN","39.844024","-86.26464","-5","0"
"46255","Indianapolis","IN","39.779492","-86.132837","-5","0"
"46256","Indianapolis","IN","39.907838","-86.01405","-5","0"
"46259","Indianapolis","IN","39.651145","-85.98073","-5","0"
"46260","Indianapolis","IN","39.898107","-86.18232","-5","0"
"46266","Indianapolis","IN","39.779492","-86.132837","-5","0"
"46268","Indianapolis","IN","39.897548","-86.22546","-5","0"
"46274","Indianapolis","IN","39.779492","-86.132837","-5","0"
"46275","Indianapolis","IN","39.779492","-86.132837","-5","0"
"46277","Indianapolis","IN","39.779492","-86.132837","-5","0"
"46278","Indianapolis","IN","39.89792","-86.28619","-5","0"
"46280","Indianapolis","IN","39.939102","-86.13831","-5","0"
"46282","Indianapolis","IN","39.779492","-86.132837","-5","0"
"46283","Indianapolis","IN","39.779492","-86.132837","-5","0"
"46285","Indianapolis","IN","39.779492","-86.132837","-5","0"
"46290","Indianapolis","IN","39.934949","-86.16262","-5","0"
"46291","Indianapolis","IN","39.779492","-86.132837","-5","0"
"46295","Indianapolis","IN","39.779492","-86.132837","-5","0"
"46298","Indianapolis","IN","39.779492","-86.132837","-5","0"
"46301","Beverly Shores","IN","41.687414","-86.9797","-6","1"
"46302","Boone Grove","IN","41.354186","-87.130431","-6","1"
"46303","Cedar Lake","IN","41.36959","-87.44849","-6","1"
"46304","Chesterton","IN","41.616263","-87.05883","-6","1"
"46305","Granger","IN","41.74486","-86.177059","-5","0"
"46307","Crown Point","IN","41.418873","-87.34298","-6","1"
"46308","Crown Point","IN","41.461543","-87.372779","-6","1"
"46310","Demotte","IN","41.179017","-87.24265","-6","1"
"46311","Dyer","IN","41.491377","-87.51022","-6","1"
"46312","East Chicago","IN","41.639735","-87.46084","-6","1"
"46319","Griffith","IN","41.527235","-87.42458","-6","1"
"46320","Hammond","IN","41.610035","-87.50574","-6","1"
"46321","Munster","IN","41.551457","-87.50143","-6","1"
"46322","Highland","IN","41.549851","-87.45806","-6","1"
"46323","Hammond","IN","41.587718","-87.45528","-6","1"
"46324","Hammond","IN","41.583535","-87.50391","-6","1"
"46325","Hammond","IN","41.461543","-87.372779","-6","1"
"46327","Hammond","IN","41.634385","-87.50911","-6","1"
"46332","Washington","IN","39.77127","-86.373314","-5","0"
"46340","Hanna","IN","41.397147","-86.76103","-6","1"
"46341","Hebron","IN","41.32374","-87.20898","-6","1"
"46342","Hobart","IN","41.533786","-87.26403","-6","1"
"46345","Kingsbury","IN","41.526628","-86.70041","-6","1"
"46346","Kingsford Heights","IN","41.479757","-86.6925","-6","1"
"46347","Kouts","IN","41.305178","-87.01522","-6","1"
"46348","La Crosse","IN","41.316401","-86.87244","-6","1"
"46349","Lake Village","IN","41.111996","-87.43686","-6","1"
"46350","La Porte","IN","41.605749","-86.71983","-6","1"
"46352","La Porte","IN","41.498992","-86.709883","-6","1"
"46355","Leroy","IN","41.359415","-87.27081","-6","1"
"46356","Lowell","IN","41.269789","-87.41353","-6","1"
"46360","Michigan City","IN","41.707539","-86.87902","-6","1"
"46361","Michigan City","IN","41.70354","-86.915077","-6","1"
"46365","Mill Creek","IN","41.598294","-86.53889","-6","1"
"46366","North Judson","IN","41.212184","-86.77019","-5","0"
"46368","Portage","IN","41.58327","-87.18154","-6","1"
"46369","Russiaville","IN","40.41663","-86.26679","-5","0"
"46371","Rolling Prairie","IN","41.677087","-86.60481","-6","1"
"46372","Roselawn","IN","41.143358","-87.322049","-6","1"
"46373","Saint John","IN","41.44862","-87.47404","-6","1"
"46374","San Pierre","IN","41.204744","-86.90009","-5","0"
"46375","Schererville","IN","41.492085","-87.4519","-6","1"
"46376","Schneider","IN","41.176325","-87.46426","-6","1"
"46377","Shelby","IN","41.191665","-87.34695","-6","1"
"46379","Sumava Resorts","IN","41.167119","-87.43781","-6","1"
"46380","Tefft","IN","41.194816","-86.968614","-6","1"
"46381","Thayer","IN","41.170584","-87.33142","-6","1"
"46382","Union Mills","IN","41.479916","-86.77328","-6","1"
"46383","Valparaiso","IN","41.47339","-87.03165","-6","1"
"46384","Valparaiso","IN","41.490545","-87.076094","-6","1"
"46385","Valparaiso","IN","41.484652","-87.11269","-6","1"
"46386","Porter","IN","41.428873","-87.170527","-6","1"
"46390","Wanatah","IN","41.420078","-86.88131","-6","1"
"46391","Westville","IN","41.550192","-86.91068","-6","1"
"46392","Wheatfield","IN","41.186662","-87.05359","-6","1"
"46393","Wheeler","IN","41.510333","-87.17829","-6","1"
"46394","Whiting","IN","41.679185","-87.50015","-6","1"
"46401","Gary","IN","41.590686","-87.319937","-6","1"
"46402","Gary","IN","41.601086","-87.33681","-6","1"
"46403","Gary","IN","41.604654","-87.25695","-6","1"
"46404","Gary","IN","41.588636","-87.37271","-6","1"
"46405","Lake Station","IN","41.570086","-87.26447","-6","1"
"46406","Gary","IN","41.589135","-87.40962","-6","1"
"46407","Gary","IN","41.580469","-87.33646","-6","1"
"46408","Gary","IN","41.542536","-87.3581","-6","1"
"46409","Gary","IN","41.544736","-87.32716","-6","1"
"46410","Merrillville","IN","41.487369","-87.34024","-6","1"
"46411","Merrillville","IN","41.461543","-87.372779","-6","1"
"46415","Burlington","IN","40.479112","-86.397372","-5","0"
"46501","Argos","IN","41.224036","-86.24521","-5","0"
"46502","Atwood","IN","41.259773","-85.97379","-5","0"
"46504","Bourbon","IN","41.301049","-86.1114","-5","0"
"46506","Bremen","IN","41.450744","-86.1692","-5","0"
"46507","Bristol","IN","41.725061","-85.81792","-5","0"
"46508","Burket","IN","41.154441","-85.96915","-5","0"
"46510","Claypool","IN","41.12274","-85.88733","-5","0"
"46511","Culver","IN","41.218388","-86.42163","-5","0"
"46513","Donaldson","IN","41.361567","-86.44545","-5","0"
"46514","Elkhart","IN","41.707616","-85.97605","-5","0"
"46515","Elkhart","IN","41.641449","-85.938348","-5","0"
"46516","Elkhart","IN","41.676899","-85.96044","-5","0"
"46517","Elkhart","IN","41.646499","-85.96923","-5","0"
"46518","Madison","IN","39.580105","-86.308673","-5","0"
"46524","Etna Green","IN","41.291767","-86.03216","-5","0"
"46526","Goshen","IN","41.567559","-85.84885","-5","0"
"46527","Goshen","IN","41.597739","-85.858076","-5","0"
"46528","Goshen","IN","41.600649","-85.81902","-5","0"
"46530","Granger","IN","41.741872","-86.13717","-5","0"
"46531","Grovertown","IN","41.356991","-86.50975","-5","0"
"46532","Hamlet","IN","41.411513","-86.61127","-5","0"
"46534","Knox","IN","41.282822","-86.61613","-5","0"
"46535","Granger","IN","41.720636","-86.192003","-5","0"
"46536","Lakeville","IN","41.519839","-86.2795","-5","0"
"46537","Lapaz","IN","41.458188","-86.3076","-5","0"
"46538","Leesburg","IN","41.323642","-85.78997","-5","0"
"46539","Mentone","IN","41.168118","-86.01203","-5","0"
"46540","Middlebury","IN","41.685374","-85.69409","-5","0"
"46542","Milford","IN","41.408621","-85.86531","-5","0"
"46543","Millersburg","IN","41.525634","-85.68403","-5","0"
"46544","Mishawaka","IN","41.650672","-86.16002","-5","0"
"46545","Mishawaka","IN","41.681487","-86.16811","-5","0"
"46546","Mishawaka","IN","41.688432","-86.196485","-5","0"
"46550","Nappanee","IN","41.444183","-85.99829","-5","0"
"46552","New Carlisle","IN","41.708183","-86.50412","-5","0"
"46553","New Paris","IN","41.48922","-85.84083","-5","0"
"46554","North Liberty","IN","41.547845","-86.42047","-5","0"
"46555","North Webster","IN","41.328153","-85.6852","-5","0"
"46556","Notre Dame","IN","41.701415","-86.24498","-5","0"
"46561","Osceola","IN","41.672698","-86.07877","-5","0"
"46562","Pierceton","IN","41.213756","-85.70397","-5","0"
"46563","Plymouth","IN","41.347159","-86.32023","-5","0"
"46565","Shipshewana","IN","41.696334","-85.58665","-5","0"
"46566","Sidney","IN","41.105868","-85.74168","-5","0"
"46567","Syracuse","IN","41.411075","-85.736","-5","0"
"46570","Tippecanoe","IN","41.208493","-86.12107","-5","0"
"46571","Topeka","IN","41.565561","-85.54707","-5","0"
"46572","Tyner","IN","41.325513","-86.260569","-5","0"
"46573","Wakarusa","IN","41.538432","-86.04261","-5","0"
"46574","Walkerton","IN","41.472858","-86.49379","-5","0"
"46580","Warsaw","IN","41.2281","-85.85778","-5","0"
"46581","Warsaw","IN","41.239365","-85.864267","-5","0"
"46582","Warsaw","IN","41.281518","-85.81927","-5","0"
"46590","Winona Lake","IN","41.22163","-85.81795","-5","0"
"46595","Wyatt","IN","41.526405","-86.17013","-5","0"
"46601","South Bend","IN","41.671197","-86.25253","-5","0"
"46604","South Bend","IN","41.664198","-86.221805","-5","0"
"46612","South Bend","IN","41.628483","-86.234589","-5","0"
"46613","South Bend","IN","41.654547","-86.25043","-5","0"
"46614","South Bend","IN","41.626588","-86.24804","-5","0"
"46615","South Bend","IN","41.671848","-86.21105","-5","0"
"46616","South Bend","IN","41.69248","-86.26514","-5","0"
"46617","South Bend","IN","41.684504","-86.23576","-5","0"
"46619","South Bend","IN","41.667797","-86.31341","-5","0"
"46620","South Bend","IN","41.596769","-86.292991","-5","0"
"46624","South Bend","IN","41.733223","-86.283278","-5","0"
"46626","South Bend","IN","41.677397","-86.252506","-5","0"
"46628","South Bend","IN","41.700776","-86.30357","-5","0"
"46629","South Bend","IN","41.672543","-86.27329","-5","0"
"46634","South Bend","IN","41.596769","-86.292991","-5","0"
"46635","South Bend","IN","41.708505","-86.20906","-5","0"
"46637","South Bend","IN","41.73104","-86.24391","-5","0"
"46660","South Bend","IN","41.596769","-86.292991","-5","0"
"46671","Topeka","IN","41.532773","-85.539454","-5","0"
"46680","South Bend","IN","41.596769","-86.292991","-5","0"
"46692","Noble","IN","40.752777","-85.744328","-5","0"
"46696","Franklin","IN","41.156891","-86.604952","-5","0"
"46699","South Bend","IN","41.596769","-86.292991","-5","0"
"46701","Albion","IN","41.361895","-85.43989","-5","0"
"46702","Andrews","IN","40.838891","-85.62014","-5","0"
"46703","Angola","IN","41.656798","-85.0223","-5","0"
"46704","Arcola","IN","41.103797","-85.292474","-5","0"
"46705","Ashley","IN","41.523914","-85.06155","-5","0"
"46706","Auburn","IN","41.352638","-85.04792","-5","0"
"46710","Avilla","IN","41.353742","-85.24367","-5","0"
"46711","Berne","IN","40.660174","-84.94244","-5","0"
"46713","Bippus","IN","40.829196","-85.489198","-5","0"
"46714","Bluffton","IN","40.728816","-85.16565","-5","0"
"46720","Brimfield","IN","41.395275","-85.423462","-5","0"
"46721","Butler","IN","41.424095","-84.8726","-5","0"
"46723","Churubusco","IN","41.238825","-85.32693","-5","0"
"46725","Columbia City","IN","41.166034","-85.48313","-5","0"
"46730","Corunna","IN","41.44551","-85.15149","-5","0"
"46731","Craigville","IN","40.793562","-85.0974","-5","0"
"46732","Cromwell","IN","41.386918","-85.63924","-5","0"
"46733","Decatur","IN","40.831351","-84.93704","-5","0"
"46737","Fremont","IN","41.724694","-84.95619","-5","0"
"46738","Garrett","IN","41.334204","-85.13569","-5","0"
"46740","Geneva","IN","40.599769","-84.96856","-5","0"
"46741","Grabill","IN","41.202549","-84.93811","-5","0"
"46742","Hamilton","IN","41.544911","-84.89154","-5","0"
"46743","Harlan","IN","41.215338","-84.85575","-5","0"
"46745","Hoagland","IN","40.954897","-85.00759","-5","0"
"46746","Howe","IN","41.722976","-85.39367","-5","0"
"46747","Hudson","IN","41.556391","-85.15428","-5","0"
"46748","Huntertown","IN","41.243248","-85.16711","-5","0"
"46750","Huntington","IN","40.872261","-85.49061","-5","0"
"46755","Kendallville","IN","41.449897","-85.26765","-5","0"
"46759","Keystone","IN","40.598916","-85.17871","-5","0"
"46760","Kimmell","IN","41.359626","-85.56204","-5","0"
"46761","Lagrange","IN","41.634457","-85.35825","-5","0"
"46763","Laotto","IN","41.28867","-85.22236","-5","0"
"46764","Larwill","IN","41.209244","-85.6322","-5","0"
"46765","Leo","IN","41.219699","-85.02486","-5","0"
"46766","Liberty Center","IN","40.708804","-85.29184","-5","0"
"46767","Ligonier","IN","41.464213","-85.59288","-5","0"
"46768","Plainfield","IN","39.712549","-86.370409","-5","0"
"46769","Linn Grove","IN","40.74532","-84.937926","-5","0"
"46770","Markle","IN","40.852768","-85.30702","-5","0"
"46771","Mongo","IN","41.665489","-85.267567","-5","0"
"46772","Monroe","IN","40.736015","-84.92161","-5","0"
"46773","Monroeville","IN","40.988714","-84.87284","-5","0"
"46774","New Haven","IN","41.081548","-84.98664","-5","0"
"46776","Orland","IN","41.732206","-85.16794","-5","0"
"46777","Ossian","IN","40.880397","-85.15936","-5","0"
"46778","Petroleum","IN","40.611419","-85.152604","-5","0"
"46779","Pleasant Lake","IN","41.578442","-85.03134","-5","0"
"46780","Pleasant Mills","IN","40.74532","-84.937926","-5","0"
"46781","Poneto","IN","40.641626","-85.24984","-5","0"
"46782","Preble","IN","40.83204","-85.005402","-5","0"
"46783","Roanoke","IN","40.967646","-85.34315","-5","0"
"46784","Rome City","IN","41.493637","-85.37745","-5","0"
"46785","Saint Joe","IN","41.317967","-84.89306","-5","0"
"46786","South Milford","IN","41.536899","-85.319241","-5","0"
"46787","South Whitley","IN","41.080236","-85.62796","-5","0"
"46788","Spencerville","IN","41.267553","-84.93525","-5","0"
"46789","Stroh","IN","41.583493","-85.199186","-5","0"
"46791","Uniondale","IN","40.830096","-85.24399","-5","0"
"46792","Warren","IN","40.683261","-85.43218","-5","0"
"46793","Waterloo","IN","41.441775","-85.01837","-5","0"
"46794","Wawaka","IN","41.462326","-85.45882","-5","0"
"46795","Wolcottville","IN","41.551546","-85.35463","-5","0"
"46796","Wolflake","IN","41.336115","-85.500246","-5","0"
"46797","Woodburn","IN","41.129274","-84.86982","-5","0"
"46798","Yoder","IN","40.942397","-85.23342","-5","0"
"46799","Zanesville","IN","40.916397","-85.28232","-5","0"
"46801","Fort Wayne","IN","41.093763","-85.070713","-5","0"
"46802","Fort Wayne","IN","41.071681","-85.15101","-5","0"
"46803","Fort Wayne","IN","41.070498","-85.10706","-5","0"
"46804","Fort Wayne","IN","41.054247","-85.23878","-5","0"
"46805","Fort Wayne","IN","41.098248","-85.12061","-5","0"
"46806","Fort Wayne","IN","41.048148","-85.11114","-5","0"
"46807","Fort Wayne","IN","41.046848","-85.14481","-5","0"
"46808","Fort Wayne","IN","41.094348","-85.16151","-5","0"
"46809","Fort Wayne","IN","41.023147","-85.1826","-5","0"
"46814","Fort Wayne","IN","41.044502","-85.30984","-5","0"
"46815","Fort Wayne","IN","41.105691","-85.06509","-5","0"
"46816","Fort Wayne","IN","41.006281","-85.0692","-5","0"
"46818","Fort Wayne","IN","41.148298","-85.22159","-5","0"
"46819","Fort Wayne","IN","40.993914","-85.14262","-5","0"
"46825","Fort Wayne","IN","41.150677","-85.12181","-5","0"
"46835","Fort Wayne","IN","41.138599","-85.05941","-5","0"
"46845","Fort Wayne","IN","41.200465","-85.10219","-5","0"
"46848","Huntertown","IN","41.221366","-85.172053","-5","0"
"46850","Fort Wayne","IN","41.093763","-85.070713","-5","0"
"46851","Fort Wayne","IN","41.093763","-85.070713","-5","0"
"46852","Fort Wayne","IN","41.093763","-85.070713","-5","0"
"46853","Fort Wayne","IN","41.093763","-85.070713","-5","0"
"46854","Fort Wayne","IN","41.093763","-85.070713","-5","0"
"46855","Fort Wayne","IN","41.093763","-85.070713","-5","0"
"46856","Fort Wayne","IN","41.093763","-85.070713","-5","0"
"46857","Fort Wayne","IN","41.093763","-85.070713","-5","0"
"46858","Fort Wayne","IN","41.093763","-85.070713","-5","0"
"46859","Fort Wayne","IN","41.093763","-85.070713","-5","0"
"46860","Fort Wayne","IN","41.093763","-85.070713","-5","0"
"46861","Fort Wayne","IN","41.093763","-85.070713","-5","0"
"46862","Fort Wayne","IN","41.093763","-85.070713","-5","0"
"46863","Fort Wayne","IN","41.093763","-85.070713","-5","0"
"46864","Fort Wayne","IN","41.093763","-85.070713","-5","0"
"46865","Fort Wayne","IN","41.126298","-85.090669","-5","0"
"46866","Fort Wayne","IN","41.093763","-85.070713","-5","0"
"46867","Fort Wayne","IN","41.093763","-85.070713","-5","0"
"46868","Fort Wayne","IN","41.093763","-85.070713","-5","0"
"46869","Fort Wayne","IN","41.093763","-85.070713","-5","0"
"46885","Fort Wayne","IN","41.093763","-85.070713","-5","0"
"46891","Fort Wayne","IN","41.018247","-85.148284","-5","0"
"46895","Fort Wayne","IN","41.093763","-85.070713","-5","0"
"46896","Fort Wayne","IN","41.093763","-85.070713","-5","0"
"46897","Fort Wayne","IN","41.093763","-85.070713","-5","0"
"46898","Fort Wayne","IN","41.093763","-85.070713","-5","0"
"46899","Fort Wayne","IN","41.093763","-85.070713","-5","0"
"46901","Kokomo","IN","40.501576","-86.14677","-5","0"
"46902","Kokomo","IN","40.450623","-86.12127","-5","0"
"46903","Kokomo","IN","40.469625","-86.11894","-5","0"
"46904","Kokomo","IN","40.469625","-86.11894","-5","0"
"46910","Akron","IN","41.040643","-86.03829","-5","0"
"46911","Amboy","IN","40.614885","-85.93863","-5","0"
"46912","Athens","IN","41.040988","-86.206925","-5","0"
"46913","Bringhurst","IN","40.507086","-86.50127","-5","0"
"46914","Bunker Hill","IN","40.646736","-86.09952","-5","0"
"46915","Burlington","IN","40.495181","-86.394248","-5","0"
"46916","Burrows","IN","40.584272","-86.573952","-5","0"
"46917","Camden","IN","40.626913","-86.475","-5","0"
"46919","Converse","IN","40.580773","-85.86648","-5","0"
"46920","Cutler","IN","40.472125","-86.47781","-5","0"
"46921","Deedsville","IN","40.911001","-86.10052","-5","0"
"46922","Delong","IN","41.040988","-86.206925","-5","0"
"46923","Delphi","IN","40.597574","-86.65297","-5","0"
"46926","Denver","IN","40.873913","-86.06339","-5","0"
"46928","Fairmount","IN","40.412026","-85.65476","-5","0"
"46929","Flora","IN","40.542108","-86.497","-5","0"
"46930","Fowlerton","IN","40.409668","-85.57179","-5","0"
"46931","Fulton","IN","40.947157","-86.26393","-5","0"
"46932","Galveston","IN","40.593036","-86.23191","-5","0"
"46933","Gas City","IN","40.48684","-85.60772","-5","0"
"46935","Grass Creek","IN","41.040988","-86.206925","-5","0"
"46936","Greentown","IN","40.482338","-85.94279","-5","0"
"46937","Hemlock","IN","40.418662","-86.018139","-5","0"
"46938","Jonesboro","IN","40.468157","-85.63456","-5","0"
"46939","Kewanna","IN","41.007625","-86.4016","-5","0"
"46940","La Fontaine","IN","40.680911","-85.72135","-5","0"
"46941","Lagro","IN","40.832028","-85.70333","-5","0"
"46942","Lake Cicott","IN","40.736111","-86.37341","-5","0"
"46943","Laketon","IN","40.974439","-85.83873","-5","0"
"46945","Leiters Ford","IN","41.040988","-86.206925","-5","0"
"46946","Liberty Mills","IN","41.035728","-85.73528","-5","0"
"46947","Logansport","IN","40.754787","-86.36684","-5","0"
"46950","Lucerne","IN","40.882776","-86.38446","-5","0"
"46951","Macy","IN","40.952117","-86.1172","-5","0"
"46952","Marion","IN","40.58119","-85.66324","-5","0"
"46953","Marion","IN","40.53089","-85.65922","-5","0"
"46957","Matthews","IN","40.387885","-85.49905","-5","0"
"46958","Mexico","IN","40.820851","-86.11735","-5","0"
"46959","Miami","IN","40.614644","-86.10749","-5","0"
"46960","Monterey","IN","41.159868","-86.50246","-5","0"
"46961","New Waverly","IN","40.765286","-86.1918","-5","0"
"46962","North Manchester","IN","40.996628","-85.7758","-5","0"
"46965","Oakford","IN","40.412741","-86.101484","-5","0"
"46966","Harrison","IN","41.046274","-86.563025","-5","0"
"46967","Onward","IN","40.694298","-86.204238","-5","0"
"46968","Ora","IN","41.172438","-86.55239","-5","0"
"46970","Peru","IN","40.753091","-86.07185","-5","0"
"46971","Grissom AFB","IN","40.780955","-86.016441","-5","0"
"46974","Roann","IN","40.935304","-85.92906","-5","0"
"46975","Rochester","IN","41.073678","-86.23521","-5","0"
"46977","Rockfield","IN","40.584272","-86.573952","-5","0"
"46978","Royal Center","IN","40.860779","-86.50183","-5","0"
"46979","Russiaville","IN","40.427588","-86.26918","-5","0"
"46980","Servia","IN","40.848927","-85.792501","-5","0"
"46982","Silver Lake","IN","41.054969","-85.90441","-5","0"
"46984","Somerset","IN","40.671369","-85.828846","-5","0"
"46985","Star City","IN","40.950873","-86.57394","-5","0"
"46986","Swayzee","IN","40.504346","-85.82678","-5","0"
"46987","Sweetser","IN","40.569731","-85.76697","-5","0"
"46988","Twelve Mile","IN","40.870115","-86.23359","-5","0"
"46989","Upland","IN","40.457599","-85.49089","-5","0"
"46990","Urbana","IN","40.898561","-85.7457","-5","0"
"46991","Van Buren","IN","40.620755","-85.50548","-5","0"
"46992","Wabash","IN","40.795068","-85.82953","-5","0"
"46994","Walton","IN","40.668348","-86.24943","-5","0"
"46995","West Middleton","IN","40.442117","-86.215482","-5","0"
"46996","Winamac","IN","41.048063","-86.64799","-5","0"
"46998","Young America","IN","40.569059","-86.34952","-5","0"
"47001","Aurora","IN","39.060204","-84.93094","-5","0"
"47003","West College Corner","IN","39.567147","-84.82042","-5","0"
"47006","Batesville","IN","39.291624","-85.21961","-5","0"
"47010","Bath","IN","39.518217","-84.82728","-5","0"
"47011","Bennington","IN","38.848761","-85.07263","-5","0"
"47012","Brookville","IN","39.43115","-84.99568","-5","0"
"47016","Cedar Grove","IN","39.37427","-84.91113","-5","0"
"47017","Cross Plains","IN","38.93049","-85.19406","-5","0"
"47018","Dillsboro","IN","38.992471","-85.06601","-5","0"
"47019","East Enterprise","IN","38.881346","-84.94437","-5","0"
"47020","Florence","IN","38.813326","-84.94113","-5","0"
"47021","Friendship","IN","38.966859","-85.1453","-5","0"
"47022","Guilford","IN","39.206203","-84.94922","-5","0"
"47023","Holton","IN","39.07308","-85.38747","-5","0"
"47024","Laurel","IN","39.491509","-85.19242","-5","0"
"47025","Lawrenceburg","IN","39.129059","-84.85887","-5","0"
"47030","Metamora","IN","39.428752","-85.13141","-5","0"
"47031","Milan","IN","39.126201","-85.14049","-5","0"
"47032","Moores Hill","IN","39.075691","-85.06057","-5","0"
"47033","Morris","IN","39.281429","-85.1739","-5","0"
"47034","Napoleon","IN","39.205405","-85.32865","-5","0"
"47035","New Trenton","IN","39.310292","-84.90196","-5","0"
"47036","Oldenburg","IN","39.382381","-85.24073","-5","0"
"47037","Osgood","IN","39.1548","-85.30949","-5","0"
"47038","Patriot","IN","38.855749","-84.83861","-5","0"
"47039","Pierceville","IN","39.111625","-85.255114","-5","0"
"47040","Rising Sun","IN","38.944426","-84.91227","-5","0"
"47041","Sunman","IN","39.240684","-85.08587","-5","0"
"47042","Versailles","IN","39.035173","-85.26017","-5","0"
"47043","Vevay","IN","38.788449","-85.06618","-5","0"
"47045","Jefferson","IN","38.77905","-84.99462","-5","0"
"47048","Bloomington","IN","39.155801","-86.516419","-5","0"
"47060","West Harrison","IN","39.288178","-84.87774","-5","0"
"47070","Lovett","IN","38.897246","-85.726384","-5","0"
"47093","Jefferson","IN","38.762649","-85.041244","-5","0"
"47102","Austin","IN","38.749542","-85.80264","-5","0"
"47104","Bethlehem","IN","38.539899","-85.421753","-5","1"
"47106","Borden","IN","38.457573","-85.91774","-5","1"
"47107","Bradford","IN","38.190314","-86.115257","-5","1"
"47108","Campbellsburg","IN","38.648032","-86.26288","-5","0"
"47110","Central","IN","38.096971","-86.172327","-5","1"
"47111","Charlestown","IN","38.453813","-85.65443","-5","1"
"47112","Corydon","IN","38.208144","-86.12978","-5","1"
"47114","Crandall","IN","38.287227","-86.06805","-5","1"
"47115","Depauw","IN","38.350106","-86.22652","-5","1"
"47116","Eckerty","IN","38.328419","-86.61356","-5","0"
"47117","Elizabeth","IN","38.12173","-85.97453","-5","1"
"47118","English","IN","38.311323","-86.47439","-5","0"
"47119","Floyds Knobs","IN","38.345815","-85.89095","-5","1"
"47120","Fredericksburg","IN","38.435326","-86.18702","-5","0"
"47122","Georgetown","IN","38.300674","-85.96698","-5","1"
"47123","Grantsburg","IN","38.284524","-86.46103","-5","0"
"47124","Greenville","IN","38.363632","-85.99239","-5","1"
"47125","Hardinsburg","IN","38.461255","-86.2983","-5","0"
"47126","Henryville","IN","38.544777","-85.7737","-5","1"
"47128","Madison","IN","38.557243","-86.261089","-5","0"
"47129","Clarksville","IN","38.303945","-85.76787","-5","1"
"47130","Jeffersonville","IN","38.309105","-85.72035","-5","1"
"47131","Jeffersonville","IN","38.437021","-85.704973","-5","1"
"47132","Jeffersonville","IN","38.286819","-85.732062","-5","1"
"47133","Jeffersonville","IN","38.286819","-85.732062","-5","1"
"47134","Jeffersonville","IN","38.286819","-85.732062","-5","1"
"47135","Laconia","IN","38.038838","-86.07212","-5","1"
"47136","Lanesville","IN","38.237852","-85.96834","-5","1"
"47137","Leavenworth","IN","38.200101","-86.36988","-5","0"
"47138","Lexington","IN","38.678365","-85.6097","-5","0"
"47139","Little York","IN","38.700523","-85.90405","-5","0"
"47140","Marengo","IN","38.37482","-86.35313","-5","0"
"47141","Marysville","IN","38.543388","-85.60373","-5","1"
"47142","Mauckport","IN","38.079482","-86.23083","-5","1"
"47143","Memphis","IN","38.473919","-85.76702","-5","1"
"47144","Jeffersonville","IN","38.286819","-85.732062","-5","1"
"47145","Milltown","IN","38.344403","-86.29997","-5","0"
"47146","Mount Saint Francis","IN","38.298486","-85.896961","-5","1"
"47147","Nabb","IN","38.591735","-85.53195","-5","1"
"47150","New Albany","IN","38.30382","-85.82522","-5","1"
"47151","New Albany","IN","38.298486","-85.896961","-5","1"
"47160","New Middletown","IN","38.165541","-86.05223","-5","1"
"47161","New Salisbury","IN","38.312878","-86.09478","-5","1"
"47162","New Washington","IN","38.548693","-85.49124","-5","1"
"47163","Otisco","IN","38.544512","-85.66831","-5","1"
"47164","Palmyra","IN","38.410145","-86.09643","-5","1"
"47165","Pekin","IN","38.49903","-86.01293","-5","0"
"47166","Ramsey","IN","38.313345","-86.16656","-5","1"
"47167","Salem","IN","38.605039","-86.08928","-5","0"
"47169","Washington","IN","38.609733","-86.055202","-5","0"
"47170","Scottsburg","IN","38.684426","-85.80304","-5","0"
"47172","Sellersburg","IN","38.387722","-85.75936","-5","1"
"47174","Sulphur","IN","38.210303","-86.46657","-5","0"
"47175","Taswell","IN","38.355935","-86.55656","-5","0"
"47177","Underwood","IN","38.603451","-85.76711","-5","1"
"47190","Jeffersonville","IN","38.437021","-85.704973","-5","1"
"47199","Jeffersonville","IN","38.286819","-85.732062","-5","1"
"47201","Columbus","IN","39.185341","-85.9456","-5","0"
"47202","Columbus","IN","39.192972","-85.885168","-5","0"
"47203","Columbus","IN","39.232235","-85.86356","-5","0"
"47220","Brownstown","IN","38.876537","-86.04252","-5","0"
"47223","Butlerville","IN","39.049336","-85.49272","-5","0"
"47224","Canaan","IN","38.896209","-85.21936","-5","0"
"47225","Clarksburg","IN","39.424072","-85.347677","-5","0"
"47226","Clifford","IN","39.28249","-85.86852","-5","0"
"47227","Commiskey","IN","38.872926","-85.64367","-5","0"
"47228","Cortland","IN","38.974458","-85.962761","-5","0"
"47229","Crothersville","IN","38.802486","-85.84894","-5","0"
"47230","Deputy","IN","38.802781","-85.62922","-5","0"
"47231","Dupont","IN","38.8937","-85.5097","-5","0"
"47232","Elizabethtown","IN","39.129171","-85.8013","-5","0"
"47234","Flat Rock","IN","39.370375","-85.78008","-5","0"
"47235","Freetown","IN","38.982358","-86.13561","-5","0"
"47236","Grammer","IN","39.152228","-85.726135","-5","0"
"47240","Greensburg","IN","39.333248","-85.47579","-5","0"
"47241","Bedford","IN","38.873216","-86.518002","-5","0"
"47243","Hanover","IN","38.699654","-85.47234","-5","0"
"47244","Hartsville","IN","39.246458","-85.70234","-5","0"
"47245","Hayden","IN","39.001301","-85.619906","-5","0"
"47246","Hope","IN","39.297144","-85.76741","-5","0"
"47247","Jonesville","IN","39.0601","-85.88879","-5","0"
"47249","Kurtz","IN","38.897974","-86.056681","-5","0"
"47250","Madison","IN","38.787175","-85.38031","-5","0"
"47256","North Vernon","IN","39.037187","-85.617307","-5","0"
"47257","North Vernon","IN","39.005651","-85.611994","-5","0"
"47260","Medora","IN","38.846345","-86.18327","-5","0"
"47261","Millhousen","IN","39.292004","-85.491788","-5","0"
"47262","Nebraska","IN","39.001301","-85.619906","-5","0"
"47263","New Point","IN","39.308947","-85.33006","-5","0"
"47264","Norman","IN","38.962997","-86.27469","-5","0"
"47265","North Vernon","IN","39.011225","-85.63325","-5","0"
"47270","Paris Crossing","IN","38.838706","-85.71245","-5","0"
"47272","Saint Paul","IN","39.419641","-85.62782","-5","0"
"47273","Scipio","IN","39.085027","-85.7316","-5","0"
"47274","Seymour","IN","38.958688","-85.89917","-5","0"
"47280","Taylorsville","IN","39.296605","-85.95025","-5","0"
"47281","Vallonia","IN","38.805185","-86.09283","-5","0"
"47282","Vernon","IN","38.982269","-85.60914","-5","0"
"47283","Westport","IN","39.171916","-85.58067","-5","0"
"47288","Cayuga","IN","39.952253","-87.453249","-5","0"
"47302","Muncie","IN","40.164393","-85.38114","-5","0"
"47303","Muncie","IN","40.221103","-85.37602","-5","0"
"47304","Muncie","IN","40.215398","-85.43636","-5","0"
"47305","Muncie","IN","40.192293","-85.38494","-5","0"
"47306","Muncie","IN","40.202293","-85.408221","-5","0"
"47307","Muncie","IN","40.162093","-85.442772","-5","0"
"47308","Muncie","IN","40.227938","-85.396685","-5","0"
"47317","Kennard","IN","39.902534","-85.520201","-5","0"
"47320","Albany","IN","40.290747","-85.25293","-5","0"
"47322","Bentonville","IN","39.656994","-85.167996","-5","0"
"47324","Boston","IN","39.757864","-84.848442","-5","0"
"47325","Brownsville","IN","39.685481","-85.02454","-5","0"
"47326","Bryant","IN","40.548194","-84.96724","-5","0"
"47327","Cambridge City","IN","39.816703","-85.17784","-5","0"
"47330","Centerville","IN","39.802089","-85.00994","-5","0"
"47331","Connersville","IN","39.644794","-85.14929","-5","0"
"47334","Daleville","IN","40.117139","-85.54205","-5","0"
"47335","Dublin","IN","39.812688","-85.204359","-5","0"
"47336","Dunkirk","IN","40.38509","-85.2115","-5","0"
"47337","Dunreith","IN","39.802917","-85.43806","-5","0"
"47338","Eaton","IN","40.339779","-85.34956","-5","0"
"47339","Economy","IN","39.97566","-85.10107","-5","0"
"47340","Farmland","IN","40.184743","-85.13","-5","0"
"47341","Fountain City","IN","39.963113","-84.9142","-5","0"
"47342","Gaston","IN","40.320458","-85.50656","-5","0"
"47344","Greensboro","IN","39.876764","-85.46546","-5","0"
"47345","Greens Fork","IN","39.883711","-85.04618","-5","0"
"47346","Hagerstown","IN","39.918857","-85.16333","-5","0"
"47348","Hartford City","IN","40.449883","-85.36442","-5","0"
"47351","Kennard","IN","39.904323","-85.5198","-5","0"
"47352","Lewisville","IN","39.802646","-85.35541","-5","0"
"47353","Liberty","IN","39.622812","-84.92284","-5","0"
"47354","Losantville","IN","40.043267","-85.20909","-5","0"
"47355","Lynn","IN","40.042138","-84.93926","-5","0"
"47356","Middletown","IN","40.035904","-85.52036","-5","0"
"47357","Milton","IN","39.773709","-85.14847","-5","0"
"47358","Modoc","IN","40.043409","-85.11692","-5","0"
"47359","Montpelier","IN","40.550511","-85.28118","-5","0"
"47360","Mooreland","IN","40.00296","-85.25831","-5","0"
"47361","Mount Summit","IN","40.004196","-85.38641","-5","0"
"47362","New Castle","IN","39.92698","-85.3697","-5","0"
"47366","New Lisbon","IN","39.931785","-85.398625","-5","0"
"47367","Oakville","IN","40.079197","-85.389978","-5","0"
"47368","Parker City","IN","40.187403","-85.20421","-5","0"
"47369","Pennville","IN","40.495879","-85.14637","-5","0"
"47370","Pershing","IN","39.861314","-85.147437","-5","0"
"47371","Portland","IN","40.419489","-84.96936","-5","0"
"47373","Redkey","IN","40.34703","-85.15474","-5","0"
"47374","Richmond","IN","39.831061","-84.89067","-5","0"
"47375","Richmond","IN","39.860417","-85.015983","-5","0"
"47380","Ridgeville","IN","40.285505","-85.02063","-5","0"
"47381","Salamonia","IN","40.382778","-84.86603","-5","0"
"47382","Saratoga","IN","40.236181","-84.91901","-5","0"
"47383","Selma","IN","40.168528","-85.2698","-5","0"
"47384","Shirley","IN","39.90952","-85.56716","-5","0"
"47385","Spiceland","IN","39.832904","-85.44117","-5","0"
"47386","Springport","IN","40.058307","-85.38566","-5","0"
"47387","Straughn","IN","39.838735","-85.28409","-5","0"
"47388","Sulphur Springs","IN","40.005999","-85.44341","-5","0"
"47390","Union City","IN","40.212425","-84.83422","-5","0"
"47392","Webster","IN","39.903236","-84.94334","-5","0"
"47393","Williamsburg","IN","39.953627","-84.99542","-5","0"
"47394","Winchester","IN","40.173141","-84.97922","-5","0"
"47395","Lynn","IN","40.05085","-84.938878","-5","0"
"47396","Yorktown","IN","40.186603","-85.5056","-5","0"
"47398","Hartford City","IN","40.461432","-85.377969","-5","0"
"47401","Bloomington","IN","39.131576","-86.49743","-5","0"
"47402","Bloomington","IN","39.173234","-86.501543","-5","0"
"47403","Bloomington","IN","39.121719","-86.57409","-5","0"
"47404","Bloomington","IN","39.188246","-86.56779","-5","0"
"47405","Bloomington","IN","39.173447","-86.515145","-5","0"
"47406","Bloomington","IN","39.173597","-86.51676","-5","0"
"47407","Bloomington","IN","39.173234","-86.501543","-5","0"
"47408","Bloomington","IN","39.183164","-86.50293","-5","0"
"47412","Evansville","IN","37.975102","-87.626938","-6","1"
"47420","Avoca","IN","38.912898","-86.55097","-5","0"
"47421","Bedford","IN","38.865549","-86.46897","-5","0"
"47424","Bloomfield","IN","39.021657","-86.90202","-5","0"
"47426","Clear Creek","IN","39.173234","-86.501543","-5","0"
"47427","Coal City","IN","39.232338","-87.03271","-5","0"
"47429","Ellettsville","IN","39.245995","-86.62275","-5","0"
"47430","Fort Ritner","IN","38.773826","-86.28146","-5","0"
"47431","Freedom","IN","39.235092","-86.88719","-5","0"
"47432","French Lick","IN","38.507726","-86.62922","-5","0"
"47433","Gosport","IN","39.355692","-86.66247","-5","0"
"47434","Harrodsburg","IN","39.012984","-86.545732","-5","0"
"47435","Helmsburg","IN","39.196272","-86.230212","-5","0"
"47436","Heltonville","IN","38.978916","-86.4169","-5","0"
"47437","Huron","IN","38.722153","-86.670987","-5","0"
"47438","Jasonville","IN","39.160126","-87.19961","-5","0"
"47439","Koleen","IN","39.037144","-86.961577","-5","0"
"47441","Linton","IN","39.039636","-87.16987","-5","0"
"47443","Lyons","IN","38.96555","-87.09917","-5","0"
"47445","Midland","IN","39.125078","-87.19332","-5","0"
"47446","Mitchell","IN","38.733355","-86.49319","-5","0"
"47448","Nashville","IN","39.199357","-86.2395","-5","0"
"47449","Newberry","IN","38.926709","-87.0031","-5","0"
"47451","Oolitic","IN","38.896413","-86.52474","-5","0"
"47452","Orleans","IN","38.647931","-86.43438","-5","0"
"47453","Owensburg","IN","38.924067","-86.74308","-5","0"
"47454","Paoli","IN","38.533167","-86.48362","-5","0"
"47455","Patricksburg","IN","39.311243","-86.95343","-5","0"
"47456","Quincy","IN","39.448838","-86.73117","-5","0"
"47457","Scotland","IN","39.037144","-86.961577","-5","0"
"47458","Smithville","IN","39.173234","-86.501543","-5","0"
"47459","Solsberry","IN","39.110903","-86.74855","-5","0"
"47460","Spencer","IN","39.290029","-86.77844","-5","0"
"47462","Springville","IN","38.967187","-86.63699","-5","0"
"47463","Stanford","IN","39.085896","-86.6689","-5","0"
"47464","Stinesville","IN","39.298595","-86.6512","-5","0"
"47465","Switz City","IN","39.039348","-87.04871","-5","0"
"47467","Tunnelton","IN","38.768275","-86.34441","-5","0"
"47468","Unionville","IN","39.251349","-86.3935","-5","0"
"47469","West Baden Springs","IN","38.584248","-86.61296","-5","0"
"47470","Williams","IN","38.845709","-86.68869","-5","0"
"47471","Worthington","IN","39.123925","-86.9845","-5","0"
"47485","Lewis","IN","39.191057","-87.231182","-5","0"
"47488","Hamblen","IN","39.246268","-86.163826","-5","0"
"47490","Bloomington","IN","39.173234","-86.501543","-5","0"
"47501","Washington","IN","38.658196","-87.17619","-5","0"
"47512","Bicknell","IN","38.777038","-87.31447","-5","0"
"47513","Birdseye","IN","38.316017","-86.70118","-5","0"
"47514","Branchville","IN","38.137325","-86.58477","-5","0"
"47515","Bristow","IN","38.184046","-86.71714","-5","0"
"47516","Bruceville","IN","38.762261","-87.4228","-5","0"
"47519","Cannelburg","IN","38.619866","-86.98761","-5","0"
"47520","Cannelton","IN","37.934311","-86.67821","-5","0"
"47521","Celestine","IN","38.387935","-86.74717","-5","0"
"47522","Crane","IN","38.893458","-86.8507","-5","0"
"47523","Dale","IN","38.170876","-86.99889","-6","1"
"47524","Decker","IN","38.507039","-87.55539","-5","0"
"47525","Derby","IN","38.031757","-86.55613","-5","0"
"47527","Dubois","IN","38.473956","-86.77777","-5","0"
"47528","Edwardsport","IN","38.824546","-87.25186","-5","0"
"47529","Elnora","IN","38.869876","-87.08288","-5","0"
"47531","Evanston","IN","38.056909","-86.82196","-6","1"
"47532","Ferdinand","IN","38.22309","-86.86155","-5","0"
"47535","Freelandville","IN","38.867886","-87.30865","-5","0"
"47536","Fulda","IN","38.112396","-86.83649","-6","1"
"47537","Gentryville","IN","38.099889","-87.04073","-6","1"
"47541","Holland","IN","38.241887","-87.04145","-5","0"
"47542","Huntingburg","IN","38.302272","-86.96864","-5","0"
"47545","Ireland","IN","38.413906","-87.0006","-5","0"
"47546","Jasper","IN","38.408794","-86.93876","-5","0"
"47547","Jasper","IN","38.364749","-86.876173","-5","0"
"47549","Jasper","IN","38.364749","-86.876173","-5","0"
"47550","Lamar","IN","38.077016","-86.92258","-6","1"
"47551","Leopold","IN","38.127871","-86.558","-5","0"
"47552","Lincoln City","IN","38.118547","-86.99567","-6","1"
"47553","Loogootee","IN","38.702827","-86.89775","-5","0"
"47556","Mariah Hill","IN","38.16644","-86.917205","-6","1"
"47557","Monroe City","IN","38.588354","-87.34174","-5","0"
"47558","Montgomery","IN","38.660051","-87.04626","-5","0"
"47561","Oaktown","IN","38.864563","-87.44554","-5","0"
"47562","Odon","IN","38.837695","-86.98512","-5","0"
"47564","Otwell","IN","38.470473","-87.09905","-5","0"
"47567","Petersburg","IN","38.477037","-87.30217","-5","0"
"47568","Plainville","IN","38.791938","-87.13975","-5","0"
"47573","Ragsdale","IN","38.744136","-87.321357","-5","0"
"47574","Rome","IN","37.934212","-86.56537","-5","0"
"47575","Saint Anthony","IN","38.313717","-86.81523","-5","0"
"47576","Saint Croix","IN","38.19297","-86.60853","-5","0"
"47577","Saint Meinrad","IN","38.160168","-86.80978","-6","1"
"47578","Sandborn","IN","38.892783","-87.1913","-5","0"
"47579","Santa Claus","IN","38.115573","-86.91993","-6","1"
"47580","Schnellville","IN","38.345103","-86.75914","-5","0"
"47581","Shoals","IN","38.663011","-86.77554","-5","0"
"47584","Spurgeon","IN","38.248608","-87.24115","-5","0"
"47585","Stendal","IN","38.267827","-87.14299","-5","0"
"47586","Tell City","IN","37.971622","-86.73903","-5","0"
"47588","Troy","IN","38.012451","-86.79698","-6","1"
"47590","Velpen","IN","38.356658","-87.10155","-5","0"
"47591","Vincennes","IN","38.668827","-87.50791","-5","0"
"47596","Westphalia","IN","38.862609","-87.2247","-5","0"
"47597","Wheatland","IN","38.652821","-87.30088","-5","0"
"47598","Winslow","IN","38.384501","-87.20987","-5","0"
"47601","Boonville","IN","38.05732","-87.26579","-6","1"
"47610","Chandler","IN","38.047188","-87.39041","-6","1"
"47611","Chrisney","IN","38.022045","-87.05408","-6","1"
"47612","Cynthiana","IN","38.190517","-87.7024","-6","1"
"47613","Elberfeld","IN","38.170645","-87.42886","-6","1"
"47614","Folsomville","IN","38.130034","-87.163636","-6","1"
"47615","Grandview","IN","37.965531","-86.95436","-6","1"
"47616","Griffin","IN","38.218814","-87.92435","-6","1"
"47617","Hatfield","IN","37.903557","-87.249886","-6","1"
"47618","Inglefield","IN","37.997128","-87.574963","-6","1"
"47619","Lynnville","IN","38.199662","-87.31132","-6","1"
"47620","Mount Vernon","IN","37.940511","-87.88918","-6","1"
"47625","North Vernon","IN","39.00249","-85.625718","-5","0"
"47629","Newburgh","IN","38.06242","-87.245214","-6","1"
"47630","Newburgh","IN","37.958873","-87.37998","-6","1"
"47631","New Harmony","IN","38.117974","-87.91918","-6","1"
"47633","Poseyville","IN","38.168191","-87.78113","-6","1"
"47634","Richland","IN","37.93889","-87.19167","-6","1"
"47635","Rockport","IN","37.883451","-87.09771","-6","1"
"47637","Tennyson","IN","38.132339","-87.14259","-6","1"
"47638","Wadesville","IN","38.081681","-87.78055","-6","1"
"47639","Haubstadt","IN","38.187983","-87.5658","-6","1"
"47640","Hazleton","IN","38.484278","-87.5039","-6","1"
"47647","Buckskin","IN","38.215226","-87.42319","-6","1"
"47648","Fort Branch","IN","38.240456","-87.56035","-6","1"
"47649","Francisco","IN","38.343295","-87.44275","-6","1"
"47654","Mackey","IN","38.25312","-87.39205","-6","1"
"47660","Oakland City","IN","38.323439","-87.34145","-6","1"
"47665","Owensville","IN","38.287411","-87.72954","-6","1"
"47666","Patoka","IN","38.411923","-87.58462","-6","1"
"47667","Owensville","IN","38.27312","-87.692037","-6","1"
"47670","Princeton","IN","38.34841","-87.57478","-6","1"
"47671","Oxford","IN","40.519221","-87.255079","-5","0"
"47672","Cynthiana","IN","38.187432","-87.716121","-6","1"
"47683","Somerville","IN","38.278452","-87.37714","-6","1"
"47701","Evansville","IN","37.997128","-87.574963","-6","1"
"47702","Evansville","IN","37.997128","-87.574963","-6","1"
"47703","Evansville","IN","37.997128","-87.574963","-6","1"
"47704","Evansville","IN","37.997128","-87.574963","-6","1"
"47705","Evansville","IN","37.997128","-87.574963","-6","1"
"47706","Evansville","IN","37.997128","-87.574963","-6","1"
"47708","Evansville","IN","37.974642","-87.57349","-6","1"
"47710","Evansville","IN","37.999542","-87.57621","-6","1"
"47711","Evansville","IN","38.000442","-87.54178","-6","1"
"47712","Evansville","IN","37.966292","-87.63664","-6","1"
"47713","Evansville","IN","37.962542","-87.55796","-6","1"
"47714","Evansville","IN","37.959092","-87.52468","-6","1"
"47715","Evansville","IN","37.975476","-87.47506","-6","1"
"47716","Evansville","IN","37.997128","-87.574963","-6","1"
"47718","Jackson","IN","38.420839","-86.570962","-5","0"
"47719","Evansville","IN","37.997128","-87.574963","-6","1"
"47720","Evansville","IN","38.045951","-87.62723","-6","1"
"47721","Evansville","IN","37.978035","-87.600791","-6","1"
"47722","Evansville","IN","37.970192","-87.542014","-6","1"
"47724","Evansville","IN","37.997128","-87.574963","-6","1"
"47725","Evansville","IN","38.096771","-87.52112","-6","1"
"47727","Evansville","IN","38.031942","-87.538915","-6","1"
"47728","Evansville","IN","37.997128","-87.574963","-6","1"
"47729","Scott","IN","38.110995","-87.527249","-6","1"
"47730","Evansville","IN","37.997128","-87.574963","-6","1"
"47731","Evansville","IN","37.997128","-87.574963","-6","1"
"47732","Evansville","IN","37.997128","-87.574963","-6","1"
"47733","Evansville","IN","37.997128","-87.574963","-6","1"
"47734","Evansville","IN","37.997128","-87.574963","-6","1"
"47735","Evansville","IN","37.997128","-87.574963","-6","1"
"47736","Evansville","IN","37.997128","-87.574963","-6","1"
"47737","Evansville","IN","37.997128","-87.574963","-6","1"
"47739","Evansville","IN","37.997128","-87.574963","-6","1"
"47740","Evansville","IN","37.997128","-87.574963","-6","1"
"47741","Evansville","IN","37.997128","-87.574963","-6","1"
"47744","Evansville","IN","37.977492","-87.597316","-6","1"
"47747","Evansville","IN","37.997128","-87.574963","-6","1"
"47750","Evansville","IN","37.962292","-87.505512","-6","1"
"47765","New Market","IN","39.952416","-86.922974","-5","0"
"47801","Terre Haute","IN","39.433602","-87.410094","-5","0"
"47802","Terre Haute","IN","39.393237","-87.3977","-5","0"
"47803","Terre Haute","IN","39.46706","-87.34452","-5","0"
"47804","Terre Haute","IN","39.495436","-87.39209","-5","0"
"47805","Terre Haute","IN","39.535285","-87.35222","-5","0"
"47807","Terre Haute","IN","39.470986","-87.39996","-5","0"
"47808","Terre Haute","IN","39.433602","-87.410094","-5","0"
"47809","Terre Haute","IN","39.470986","-87.41107","-5","0"
"47811","Terre Haute","IN","39.433602","-87.410094","-5","0"
"47812","Terre Haute","IN","39.433602","-87.410094","-5","0"
"47813","Terre Haute","IN","39.433602","-87.410094","-5","0"
"47814","Terre Haute","IN","39.433602","-87.410094","-5","0"
"47830","Bellmore","IN","39.779078","-87.221819","-5","0"
"47831","Blanford","IN","39.877847","-87.443566","-5","0"
"47832","Bloomingdale","IN","39.869467","-87.24589","-5","0"
"47833","Bowling Green","IN","39.360169","-86.99353","-5","0"
"47834","Brazil","IN","39.52503","-87.12738","-5","0"
"47836","Bridgeton","IN","39.647929","-87.17529","-5","0"
"47837","Carbon","IN","39.625607","-87.11502","-5","0"
"47838","Carlisle","IN","38.957093","-87.3793","-5","0"
"47840","Centerpoint","IN","39.406161","-87.06899","-5","0"
"47841","Clay City","IN","39.282127","-87.11557","-5","0"
"47842","Clinton","IN","39.66851","-87.43577","-5","0"
"47845","Coalmont","IN","39.387544","-87.090363","-5","0"
"47846","Cory","IN","39.377883","-87.20462","-5","0"
"47847","Dana","IN","39.830942","-87.47013","-5","0"
"47848","Dugger","IN","39.065547","-87.25714","-5","0"
"47849","Fairbanks","IN","39.193884","-87.5449","-5","0"
"47850","Farmersburg","IN","39.25182","-87.40974","-5","0"
"47851","Fontanet","IN","39.573663","-87.24536","-5","0"
"47852","Graysville","IN","39.080474","-87.449558","-5","0"
"47853","Harmony","IN","39.536856","-87.0721","-5","0"
"47854","Hillsdale","IN","39.819742","-87.41458","-5","0"
"47855","Hymera","IN","39.185497","-87.29997","-5","0"
"47856","Judson","IN","39.813543","-87.13635","-5","0"
"47857","Knightsville","IN","39.526913","-87.086882","-5","0"
"47858","Lewis","IN","39.255569","-87.23587","-5","0"
"47859","Marshall","IN","39.865058","-87.17504","-5","0"
"47860","Mecca","IN","39.725201","-87.33149","-5","0"
"47861","Merom","IN","39.061837","-87.56655","-5","0"
"47862","Montezuma","IN","39.783738","-87.35609","-5","0"
"47863","New Goshen","IN","39.580862","-87.46293","-5","0"
"47864","New Lebanon","IN","39.041245","-87.475747","-5","0"
"47865","Paxton","IN","39.020687","-87.39149","-5","0"
"47866","Pimento","IN","39.293977","-87.30983","-5","0"
"47868","Poland","IN","39.414547","-86.90202","-5","0"
"47869","Prairie Creek","IN","39.433602","-87.410094","-5","0"
"47870","Prairieton","IN","39.371187","-87.475871","-5","0"
"47871","Riley","IN","39.388638","-87.301367","-5","0"
"47872","Rockville","IN","39.758142","-87.1754","-5","0"
"47874","Rosedale","IN","39.625041","-87.27765","-5","0"
"47875","Saint Bernice","IN","39.877847","-87.443566","-5","0"
"47876","Saint Mary Of The Woods","IN","39.505935","-87.46156","-5","0"
"47878","Seelyville","IN","39.492838","-87.266549","-5","0"
"47879","Shelburn","IN","39.182707","-87.38029","-5","0"
"47880","Shepardsville","IN","39.600636","-87.419569","-5","0"
"47881","Staunton","IN","39.487119","-87.18939","-5","0"
"47882","Sullivan","IN","39.090479","-87.40667","-5","0"
"47884","Universal","IN","39.622536","-87.45451","-5","0"
"47885","West Terre Haute","IN","39.508235","-87.46511","-5","0"
"47895","Helt","IN","39.714267","-87.524376","-5","0"
"47901","Lafayette","IN","40.418585","-86.88975","-5","0"
"47902","Lafayette","IN","40.388656","-86.894908","-5","0"
"47903","Lafayette","IN","40.304402","-86.824468","-5","0"
"47904","Lafayette","IN","40.428735","-86.8768","-5","0"
"47905","Lafayette","IN","40.41836","-86.81847","-5","0"
"47906","West Lafayette","IN","40.461012","-86.93664","-5","0"
"47907","West Lafayette","IN","40.424923","-86.916215","-5","0"
"47909","Lafayette","IN","40.35589","-86.88972","-5","0"
"47916","Alamo","IN","39.983709","-87.05507","-5","0"
"47917","Ambia","IN","40.469643","-87.50098","-5","0"
"47918","Attica","IN","40.294316","-87.21957","-5","0"
"47920","Battle Ground","IN","40.543522","-86.81628","-5","0"
"47921","Boswell","IN","40.506071","-87.36849","-5","0"
"47922","Brook","IN","40.8685","-87.35899","-6","1"
"47923","Brookston","IN","40.605","-86.8894","-5","0"
"47924","Buck Creek","IN","40.487219","-86.76381","-5","0"
"47925","Buffalo","IN","40.882284","-86.74363","-5","0"
"47926","Burnettsville","IN","40.767098","-86.59362","-5","0"
"47928","Cayuga","IN","39.946144","-87.46611","-5","0"
"47929","Chalmers","IN","40.671905","-86.89189","-5","0"
"47930","Clarks Hill","IN","40.247657","-86.72533","-5","0"
"47932","Covington","IN","40.133867","-87.40081","-5","0"
"47933","Crawfordsville","IN","40.034554","-86.89143","-5","0"
"47934","Crawfordsville","IN","40.040014","-86.893614","-5","0"
"47935","Crawfordsville","IN","40.040014","-86.893614","-5","0"
"47936","Crawfordsville","IN","40.040014","-86.893614","-5","0"
"47937","Crawfordsville","IN","40.040014","-86.893614","-5","0"
"47938","Crawfordsville","IN","40.040014","-86.893614","-5","0"
"47939","Crawfordsville","IN","40.040014","-86.893614","-5","0"
"47940","Darlington","IN","40.118998","-86.76265","-5","0"
"47941","Dayton","IN","40.375691","-86.76703","-5","0"
"47942","Earl Park","IN","40.692374","-87.4346","-5","0"
"47943","Fair Oaks","IN","41.074738","-87.26193","-6","1"
"47944","Fowler","IN","40.617152","-87.32659","-5","0"
"47946","Francesville","IN","40.986799","-86.87659","-5","0"
"47948","Goodland","IN","40.773474","-87.28615","-6","1"
"47949","Hillsboro","IN","40.072123","-87.13698","-5","0"
"47950","Idaville","IN","40.794442","-86.65353","-5","0"
"47951","Kentland","IN","40.77759","-87.44607","-6","1"
"47952","Kingman","IN","39.968437","-87.29994","-5","0"
"47954","Ladoga","IN","39.903358","-86.80388","-5","0"
"47955","Linden","IN","40.19705","-86.88781","-5","0"
"47957","Medaryville","IN","41.083487","-86.87605","-5","0"
"47958","Mellott","IN","40.163921","-87.14796","-5","0"
"47959","Monon","IN","40.860496","-86.88963","-5","0"
"47960","Monticello","IN","40.777036","-86.75982","-5","0"
"47962","Montmorenci","IN","40.473159","-87.027571","-5","0"
"47963","Morocco","IN","40.960029","-87.44715","-6","1"
"47964","Mount Ayr","IN","40.952608","-87.29837","-6","1"
"47965","New Market","IN","39.950948","-86.92076","-5","0"
"47966","Newport","IN","39.885739","-87.4078","-5","0"
"47967","New Richmond","IN","40.192176","-86.98346","-5","0"
"47968","New Ross","IN","39.961958","-86.73576","-5","0"
"47969","Newtown","IN","40.205056","-87.15089","-5","0"
"47970","Otterbein","IN","40.480675","-87.10907","-5","0"
"47971","Oxford","IN","40.520834","-87.2444","-5","0"
"47974","Perrysville","IN","40.043359","-87.4655","-5","0"
"47975","Pine Village","IN","40.448708","-87.25568","-5","0"
"47976","Earl Park","IN","40.606301","-87.310042","-5","0"
"47977","Remington","IN","40.763755","-87.15306","-6","1"
"47978","Rensselaer","IN","40.962747","-87.13684","-6","1"
"47980","Reynolds","IN","40.753293","-86.88769","-5","0"
"47981","Romney","IN","40.246558","-86.91652","-5","0"
"47982","State Line","IN","40.196628","-87.5271","-5","0"
"47983","Stockwell","IN","40.285727","-86.77511","-5","0"
"47984","Talbot","IN","40.606301","-87.310042","-5","0"
"47986","Templeton","IN","40.512643","-87.20706","-5","0"
"47987","Veedersburg","IN","40.118561","-87.23646","-5","0"
"47988","Wallace","IN","39.986538","-87.147674","-5","0"
"47989","Waveland","IN","39.881586","-87.04635","-5","0"
"47990","Waynetown","IN","40.071792","-87.06369","-5","0"
"47991","West Lebanon","IN","40.277121","-87.413","-5","0"
"47992","Westpoint","IN","40.319429","-87.04867","-5","0"
"47993","Williamsport","IN","40.300013","-87.38396","-5","0"
"47994","Wingate","IN","40.170546","-87.06795","-5","0"
"47995","Wolcott","IN","40.758188","-87.03629","-5","0"
"47996","West Lafayette","IN","40.388656","-86.894908","-5","0"
"47997","Yeoman","IN","40.667985","-86.7225","-5","0"
